{

    "metadata" :
    {
        "formatVersion" : 3.1,
        "sourceFile"    : "ship.obj",
        "generatedBy"   : "OBJConverter",
        "vertices"      : 32,
        "faces"         : 27,
        "normals"       : 100,
        "colors"        : 0,
        "uvs"           : 74,
        "materials"     : 2
    },

    "scale" : 1.000000,

    "materials": [	{
	"DbgColor" : 15658734,
	"DbgIndex" : 0,
	"DbgName" : "detailsSG",
	"colorAmbient" : [0.0, 0.0, 0.0],
	"colorDiffuse" : [1.0, 1.0, 0.0],
	"colorSpecular" : [0.5, 0.5, 0.5],
	"illumination" : 4,
	"opticalDensity" : 1.0
	},

	{
	"DbgColor" : 15597568,
	"DbgIndex" : 1,
	"DbgName" : "bodySG",
	"colorAmbient" : [0.0, 0.0, 0.0],
	"colorDiffuse" : [1.0, 1.0, 1.0],
	"colorSpecular" : [0.5, 0.5, 0.5],
	"illumination" : 4,
	"opticalDensity" : 1.0
	}],

    "vertices": [0.250000,0.074693,-1.000000,-0.250000,0.074693,-1.000000,0.250000,0.574693,-1.000000,-0.250000,0.574693,-1.000000,0.250000,0.324693,1.366621,-0.250000,0.324693,1.366621,0.250000,0.074693,1.733241,-0.250000,0.074693,1.733241,0.333430,-0.008737,-1.166859,-0.333430,-0.008737,-1.166859,0.333430,0.658123,-1.166859,-0.333430,0.658123,-1.166859,0.333430,0.324693,-1.166859,0.250000,0.324693,-1.000000,-0.250000,0.324693,-1.000000,-0.333430,0.324693,-1.166859,0.205615,0.119078,-1.021721,-0.205615,0.119078,-1.021721,0.205615,0.530308,-1.021721,-0.205615,0.530308,-1.021721,0.205615,0.324693,-1.021721,-0.205615,0.324693,-1.021721,-0.532725,0.221449,-0.995011,-0.244729,0.093211,-0.995011,-0.244729,0.221449,-0.995011,-0.254360,0.093211,0.652972,-0.244729,0.093211,0.652972,0.537996,0.219875,-0.985867,0.250000,0.091637,-0.985867,0.250000,0.219875,-0.985867,0.259631,0.091637,0.662116,0.250000,0.091637,0.662116],

    "morphTargets": [],

    "morphColors": [],

    "normals": [0,0,-1,0,0,-1,0,0,-1,0,0,-1,0,0.99447,0.10505,0,0.99447,0.10505,0,0.99447,0.10505,0,0.99447,0.10505,0,0.82619,0.56339,0,0.82619,0.56339,0,0.82619,0.56339,0,0.82619,0.56339,0,-1,0,0,-1,0,0,-1,0,0,-1,0,-1,0,0,-1,0,0,-1,0,0,1,0,0,1,0,0,1,0,0,1,0,0,0,-0.89443,0.44721,0,-0.89443,0.44721,0,-0.89443,0.44721,0,-0.89443,0.44721,0,0.89443,0.44721,0,0.89443,0.44721,0,0.89443,0.44721,0,0.89443,0.44721,0.89443,0,0.44721,0.89443,0,0.44721,0.89443,0,0.44721,0.89443,0,0.44721,-0.89443,0,0.44721,-0.89443,0,0.44721,-0.89443,0,0.44721,-0.89443,0,0.44721,0.89443,0,0.44721,0.89443,0,0.44721,0.89443,0,0.44721,0.89443,0,0.44721,0,0,-1,0,0,-1,0,0,-1,0,0,-1,-1,0,0,-1,0,0,-1,0,0,-1,0,0,-0.89443,0,0.44721,-0.89443,0,0.44721,-0.89443,0,0.44721,-0.89443,0,0.44721,1,0,0,1,0,0,1,0,0,0,0.75048,-0.6609,0,0.75048,-0.6609,0,0.75048,-0.6609,0,0.75048,-0.6609,0,-0.75048,-0.6609,0,-0.75048,-0.6609,0,-0.75048,-0.6609,0,-0.75048,-0.6609,-0.75048,0,-0.6609,-0.75048,0,-0.6609,-0.75048,0,-0.6609,-0.75048,0,-0.6609,0.75048,0,-0.6609,0.75048,0,-0.6609,0.75048,0,-0.6609,0.75048,0,-0.6609,-0.75048,0,-0.6609,-0.75048,0,-0.6609,0.75048,0,-0.6609,0.75048,0,-0.6609,0,0,-1,0,0,-1,0,0,-1,0,0.99699,0.077581,0,0.99699,0.077581,0,0.99699,0.077581,0,0.99699,0.077581,-0.3957,-0.91838,-0.002313,-0.3957,-0.91838,-0.002313,-0.3957,-0.91838,-0.002313,-0.3957,-0.91838,-0.002313,0,0,-1,0,0,-1,0,0,-1,0,0.99699,0.077581,0,0.99699,0.077581,0,0.99699,0.077581,0,0.99699,0.077581,0.3957,-0.91838,-0.002312,0.3957,-0.91838,-0.002312,0.3957,-0.91838,-0.002312,0.3957,-0.91838,-0.002312],

    "colors": [],

    "uvs": [[0.375,0,0.625,0,0.375,0.25,0.625,0.25,0.375,0.5625,0.625,0.5625,0.375,0.75,0.625,0.75,0.375,1,0.625,1,0.875,0,0.875,0.1875,0.125,0,0.125,0.1875,0,0,1,0,1,1,0,0,1,0,0,1,0,0,1,0,1,1,0,1,0,0,1,0,1,1,0,1,0.5,1,0.375,0.125,0.5,0,0.375,0.125,0.625,0.125,0.5,0,0.625,0.125,0.5,1,0,0,1,0,1,1,0,1,0,0,1,0,1,1,0,1,0,0,1,0,1,1,0,1,0,0,1,0,1,1,0,1,0,0,1,0,1,1,0,1,0,0,1,0,1,1,0,1,0.375,0.125,0.625,0,0.625,0.25,0.375,0.625,0.625,0.625,0.375,1,0.625,1,0.375,0.125,0.625,0,0.625,0.25,0.375,0.625,0.625,0.625,0.375,1,0.625,1]],

    "faces": [43,13,14,3,2,0,31,32,3,2,0,1,2,3,43,2,3,5,4,0,2,3,5,4,4,5,6,7,43,4,5,7,6,0,4,5,7,6,8,9,10,11,43,6,7,1,0,1,6,7,9,8,12,13,14,15,42,14,5,3,1,34,11,3,16,17,18,43,6,0,13,4,1,12,0,29,13,19,20,21,22,43,0,1,9,8,1,14,15,16,23,23,24,25,26,43,2,10,11,3,1,17,19,26,18,27,28,29,30,43,13,12,10,2,1,30,28,22,21,31,32,33,34,43,1,14,15,9,1,24,33,35,27,35,36,37,38,43,0,8,12,13,1,20,23,28,30,39,40,41,42,43,0,1,14,13,0,0,1,32,31,43,44,45,46,43,1,7,5,14,1,1,10,11,34,47,48,49,50,43,15,14,3,11,1,35,33,25,26,51,52,53,54,42,4,13,2,1,13,29,2,55,56,57,43,8,9,17,16,0,36,37,38,39,58,59,60,61,43,11,10,18,19,0,40,41,42,43,62,63,64,65,43,12,8,16,20,0,44,45,46,47,66,67,68,69,43,9,15,21,17,0,48,49,50,51,70,71,72,73,43,10,12,20,18,0,52,53,54,55,74,66,69,75,43,15,11,19,21,0,56,57,58,59,71,76,77,72,42,22,24,23,0,60,62,61,78,79,80,43,22,25,26,24,0,60,63,64,62,81,82,83,84,43,25,22,23,26,0,63,65,66,64,85,86,87,88,42,27,28,29,0,67,68,69,89,90,91,43,27,29,31,30,0,67,69,71,70,92,93,94,95,43,30,31,28,27,0,70,71,73,72,96,97,98,99]

}
